cls,N,MAE_cm,MedianAE_cm,RMSE_cm,JitterSTD_cm
cup,625,0.3794691154646097,0.27159320188061997,0.5078103772250481,0.8941062031096729
OVERALL,625,0.3794691154646097,0.27159320188061997,0.5078103772250481,0.8941062031096729
