cls,N,MAE_cm,MedianAE_cm,RMSE_cm,JitterSTD_cm
shoe,915,0.9321870704205655,0.7732395993759837,1.1615495886513008,24.63523565754861
OVERALL,915,0.9321870704205655,0.7732395993759837,1.1615495886513008,24.63523565754861
