cls,N,MAE_cm,MedianAE_cm,RMSE_cm,JitterSTD_cm
cup,667,0.6241235150815114,0.5287423951834214,0.7857234350137663,0.6509289816639652
OVERALL,667,0.6241235150815114,0.5287423951834214,0.7857234350137663,0.6509289816639652
