cls,N,MAE_cm,MedianAE_cm,RMSE_cm,JitterSTD_cm
cup,221,0.5317511641821382,0.4917076102823117,0.6374666141636941,0.413081692534564
person,53,0.5979439908411616,0.4896967324797785,0.7418467621335975,0.558220564904064
OVERALL,274,0.5445548861271318,0.4903285830938344,0.6589479975222562,0.44486694850901704
