cls,N,MAE_cm,MedianAE_cm,RMSE_cm,JitterSTD_cm
bowl,902,1.38167625499382,1.1713757747134785,1.571014423117994,24.937271374898156
cup,1157,1.1587233771260166,0.8688512858868407,1.4294790882862227,25.194906652063224
laptop,752,1.1040434742723626,1.02872904982231,1.1757435425196416,14.716368342369906
OVERALL,2811,1.2156370053333487,1.0274732837704477,1.415217414599363,24.019268097339058
