frame,cls,gt_cm,pred_cm,err_cm
0,bottle,60.0,59.9264126,-0.07358740000000097
1,bottle,60.0,60.2593685,0.2593685000000008
2,bottle,60.0,60.201063,0.20106299999999777
3,bottle,60.0,60.325417,0.3254170000000016
4,bottle,60.0,60.029370400000005,0.029370400000004793
5,bottle,60.0,59.956513799999996,-0.043486200000003805
6,bottle,60.0,60.3091607,0.3091606999999996
48,bottle,60.0,59.9854423,-0.014557699999997453
182,bottle,60.0,59.8964187,-0.10358130000000187
