cls,N,MAE_cm,MedianAE_cm,RMSE_cm,JitterSTD_cm
bottle,9,0.15106580000000097,0.10358130000000187,0.1909871138291451,0.16344834709679906
OVERALL,9,0.15106580000000097,0.10358130000000187,0.1909871138291451,0.16344834709679906
