cls,N,MAE_cm,MedianAE_cm,RMSE_cm,JitterSTD_cm
bowl,265,0.7664574298113207,0.7455217999999988,0.8392128921918499,0.342876505213157
cup,548,0.6150313058394159,0.6157596999999981,0.6556229879561289,0.22710789324456634
laptop,769,1.4182662334200262,1.256672800000004,2.35639816188433,14.893601176245644
OVERALL,1582,1.0308439367888749,0.8257267500000012,1.7221957260003034,20.67291116219194
