cls,N,MAE_cm,MedianAE_cm,RMSE_cm,JitterSTD_cm
cup,778,0.8030045430962561,0.44151458318898307,1.105097111228896,21.31186795855749
OVERALL,778,0.8030045430962561,0.44151458318898307,1.105097111228896,21.31186795855749
