{
  "focal_px": 1940.03173828125,
  "mapping": {
    "a": 1.373062223263762e-07,
    "b": 0.5997272745910398
  },
  "fit_samples": 310,
  "depth_dir": "results/depth/MOV_0172"
}